﻿<?xml version="1.0" encoding="utf-8"?><DEFECTS><DEFECT>
    <SFA>
      <FILEPATH>F:\работа\C\kursovaya\kursovaya\</FILEPATH>
      <FILENAME>kursovaya.c</FILENAME>
      <LINE>138</LINE>
      <COLUMN>3</COLUMN>
    </SFA>
    <DEFECTCODE>6031</DEFECTCODE>
    <DESCRIPTION>Возвращаемое значение пропущено: "getchar".</DESCRIPTION>
    <FUNCTION>main</FUNCTION>
    <DECORATED>main</DECORATED>
    <FUNCLINE>41</FUNCLINE>
    <PATH></PATH>
  </DEFECT><DEFECT>
    <SFA>
      <FILEPATH>F:\работа\C\kursovaya\kursovaya\</FILEPATH>
      <FILENAME>kursovaya.c</FILENAME>
      <LINE>201</LINE>
      <COLUMN>3</COLUMN>
    </SFA>
    <DEFECTCODE>6031</DEFECTCODE>
    <DESCRIPTION>Возвращаемое значение пропущено: "getchar".</DESCRIPTION>
    <FUNCTION>main</FUNCTION>
    <DECORATED>main</DECORATED>
    <FUNCLINE>41</FUNCLINE>
    <PATH></PATH>
  </DEFECT><DEFECT>
    <SFA>
      <FILEPATH>F:\работа\C\kursovaya\kursovaya\</FILEPATH>
      <FILENAME>kursovaya.c</FILENAME>
      <LINE>78</LINE>
      <COLUMN>39</COLUMN>
    </SFA>
    <DEFECTCODE>6385</DEFECTCODE>
    <DESCRIPTION>Чтение недопустимых данных из "inputNumber".</DESCRIPTION>
    <FUNCTION>main</FUNCTION>
    <DECORATED>main</DECORATED>
    <FUNCLINE>41</FUNCLINE>
    <PROBABILITY>1</PROBABILITY>
    <RANK>4</RANK>
    <CATEGORY>
      <RULECATEGORY>mspft</RULECATEGORY>
    </CATEGORY>
    <PATH>
      <SFA>
        <FILEPATH>F:\работа\C\kursovaya\kursovaya\</FILEPATH>
        <FILENAME>kursovaya.c</FILENAME>
        <LINE>43</LINE>
        <COLUMN>1</COLUMN>
      </SFA>
      <SFA>
        <FILEPATH>F:\работа\C\kursovaya\kursovaya\</FILEPATH>
        <FILENAME>kursovaya.c</FILENAME>
        <LINE>44</LINE>
        <COLUMN>1</COLUMN>
      </SFA>
      <SFA>
        <FILEPATH>F:\работа\C\kursovaya\kursovaya\</FILEPATH>
        <FILENAME>kursovaya.c</FILENAME>
        <LINE>46</LINE>
        <COLUMN>1</COLUMN>
      </SFA>
      <SFA>
        <FILEPATH>F:\работа\C\kursovaya\kursovaya\</FILEPATH>
        <FILENAME>kursovaya.c</FILENAME>
        <LINE>47</LINE>
        <COLUMN>8</COLUMN>
      </SFA>
      <SFA>
        <FILEPATH>F:\работа\C\kursovaya\kursovaya\</FILEPATH>
        <FILENAME>kursovaya.c</FILENAME>
        <LINE>48</LINE>
        <COLUMN>16</COLUMN>
      </SFA>
      <SFA>
        <FILEPATH>F:\работа\C\kursovaya\kursovaya\</FILEPATH>
        <FILENAME>kursovaya.c</FILENAME>
        <LINE>49</LINE>
        <COLUMN>14</COLUMN>
      </SFA>
      <SFA>
        <FILEPATH>F:\работа\C\kursovaya\kursovaya\</FILEPATH>
        <FILENAME>kursovaya.c</FILENAME>
        <LINE>50</LINE>
        <COLUMN>20</COLUMN>
      </SFA>
      <SFA>
        <FILEPATH>F:\работа\C\kursovaya\kursovaya\</FILEPATH>
        <FILENAME>kursovaya.c</FILENAME>
        <LINE>51</LINE>
        <COLUMN>33</COLUMN>
      </SFA>
      <SFA>
        <FILEPATH>F:\работа\C\kursovaya\kursovaya\</FILEPATH>
        <FILENAME>kursovaya.c</FILENAME>
        <LINE>52</LINE>
        <COLUMN>14</COLUMN>
      </SFA>
      <SFA>
        <FILEPATH>F:\работа\C\kursovaya\kursovaya\</FILEPATH>
        <FILENAME>kursovaya.c</FILENAME>
        <LINE>53</LINE>
        <COLUMN>6</COLUMN>
        <KEYEVENT>
          <ID>1</ID>
          <KIND>declaration</KIND>
          <IMPORTANCE>Essential</IMPORTANCE>
          <MESSAGE>"inputNumber" является массивом из 6 элементов (6 байт)</MESSAGE>
        </KEYEVENT>
      </SFA>
      <SFA>
        <FILEPATH>F:\работа\C\kursovaya\kursovaya\</FILEPATH>
        <FILENAME>kursovaya.c</FILENAME>
        <LINE>54</LINE>
        <COLUMN>6</COLUMN>
      </SFA>
      <SFA>
        <FILEPATH>F:\работа\C\kursovaya\kursovaya\</FILEPATH>
        <FILENAME>kursovaya.c</FILENAME>
        <LINE>55</LINE>
        <COLUMN>6</COLUMN>
      </SFA>
      <SFA>
        <FILEPATH>F:\работа\C\kursovaya\kursovaya\</FILEPATH>
        <FILENAME>kursovaya.c</FILENAME>
        <LINE>56</LINE>
        <COLUMN>6</COLUMN>
      </SFA>
      <SFA>
        <FILEPATH>F:\работа\C\kursovaya\kursovaya\</FILEPATH>
        <FILENAME>kursovaya.c</FILENAME>
        <LINE>57</LINE>
        <COLUMN>5</COLUMN>
      </SFA>
      <SFA>
        <FILEPATH>F:\работа\C\kursovaya\kursovaya\</FILEPATH>
        <FILENAME>kursovaya.c</FILENAME>
        <LINE>58</LINE>
        <COLUMN>5</COLUMN>
      </SFA>
      <SFA>
        <FILEPATH>F:\работа\C\kursovaya\kursovaya\</FILEPATH>
        <FILENAME>kursovaya.c</FILENAME>
        <LINE>59</LINE>
        <COLUMN>5</COLUMN>
      </SFA>
      <SFA>
        <FILEPATH>F:\работа\C\kursovaya\kursovaya\</FILEPATH>
        <FILENAME>kursovaya.c</FILENAME>
        <LINE>60</LINE>
        <COLUMN>5</COLUMN>
      </SFA>
      <SFA>
        <FILEPATH>F:\работа\C\kursovaya\kursovaya\</FILEPATH>
        <FILENAME>kursovaya.c</FILENAME>
        <LINE>62</LINE>
        <COLUMN>23</COLUMN>
      </SFA>
      <SFA>
        <FILEPATH>F:\работа\C\kursovaya\kursovaya\</FILEPATH>
        <FILENAME>kursovaya.c</FILENAME>
        <LINE>64</LINE>
        <COLUMN>8</COLUMN>
        <KEYEVENT>
          <ID>2</ID>
          <KIND>branch</KIND>
          <IMPORTANCE>Full</IMPORTANCE>
          <MESSAGE>Войти в этот цикл (предполагается "1")</MESSAGE>
        </KEYEVENT>
      </SFA>
      <SFA>
        <FILEPATH>F:\работа\C\kursovaya\kursovaya\</FILEPATH>
        <FILENAME>kursovaya.c</FILENAME>
        <LINE>66</LINE>
        <COLUMN>2</COLUMN>
      </SFA>
      <SFA>
        <FILEPATH>F:\работа\C\kursovaya\kursovaya\</FILEPATH>
        <FILENAME>kursovaya.c</FILENAME>
        <LINE>67</LINE>
        <COLUMN>21</COLUMN>
        <KEYEVENT>
          <ID>3</ID>
          <KIND>branch</KIND>
          <IMPORTANCE>Full</IMPORTANCE>
          <MESSAGE>Пропустить этот цикл (предполагается, что "((getchar()))!=10" равно false)</MESSAGE>
        </KEYEVENT>
      </SFA>
      <SFA>
        <FILEPATH>F:\работа\C\kursovaya\kursovaya\</FILEPATH>
        <FILENAME>kursovaya.c</FILENAME>
        <LINE>69</LINE>
        <COLUMN>2</COLUMN>
      </SFA>
      <SFA>
        <FILEPATH>F:\работа\C\kursovaya\kursovaya\</FILEPATH>
        <FILENAME>kursovaya.c</FILENAME>
        <LINE>71</LINE>
        <COLUMN>10</COLUMN>
        <KEYEVENT>
          <ID>4</ID>
          <KIND>branch</KIND>
          <IMPORTANCE>Full</IMPORTANCE>
          <MESSAGE>Предполагается, что параметр ("next") разрешается в case 1: </MESSAGE>
        </KEYEVENT>
      </SFA>
      <SFA>
        <FILEPATH>F:\работа\C\kursovaya\kursovaya\</FILEPATH>
        <FILENAME>kursovaya.c</FILENAME>
        <LINE>73</LINE>
        <COLUMN>2</COLUMN>
      </SFA>
      <SFA>
        <FILEPATH>F:\работа\C\kursovaya\kursovaya\</FILEPATH>
        <FILENAME>kursovaya.c</FILENAME>
        <LINE>74</LINE>
        <COLUMN>3</COLUMN>
      </SFA>
      <SFA>
        <FILEPATH>F:\работа\C\kursovaya\kursovaya\</FILEPATH>
        <FILENAME>kursovaya.c</FILENAME>
        <LINE>75</LINE>
        <COLUMN>3</COLUMN>
      </SFA>
      <SFA>
        <FILEPATH>F:\работа\C\kursovaya\kursovaya\</FILEPATH>
        <FILENAME>kursovaya.c</FILENAME>
        <LINE>77</LINE>
        <COLUMN>18</COLUMN>
        <KEYEVENT>
          <ID>5</ID>
          <KIND>usage</KIND>
          <IMPORTANCE>Full</IMPORTANCE>
          <MESSAGE>"inputNumber" является входными данными для "strlen" (объявлено в c:\program files (x86)\windows kits\10\include\10.0.22621.0\ucrt\string.h:215)</MESSAGE>
        </KEYEVENT>
      </SFA>
      <SFA>
        <FILEPATH>F:\работа\C\kursovaya\kursovaya\</FILEPATH>
        <FILENAME>kursovaya.c</FILENAME>
        <LINE>78</LINE>
        <COLUMN>39</COLUMN>
        <KEYEVENT>
          <ID>6</ID>
          <KIND>branch</KIND>
          <IMPORTANCE>Full</IMPORTANCE>
          <MESSAGE>Пропустить эту ветвь (предполагается, что "&lt;условие ветви&gt;" равно false)</MESSAGE>
        </KEYEVENT>
      </SFA>
      <SFA>
        <FILEPATH>F:\работа\C\kursovaya\kursovaya\</FILEPATH>
        <FILENAME>kursovaya.c</FILENAME>
        <LINE>81</LINE>
        <COLUMN>12</COLUMN>
      </SFA>
      <SFA>
        <FILEPATH>F:\работа\C\kursovaya\kursovaya\</FILEPATH>
        <FILENAME>kursovaya.c</FILENAME>
        <LINE>81</LINE>
        <COLUMN>21</COLUMN>
        <KEYEVENT>
          <ID>7</ID>
          <KIND>branch</KIND>
          <IMPORTANCE>Full</IMPORTANCE>
          <MESSAGE>Пропустить этот цикл (предполагается, что "i&lt;endInputNunber" равно false)</MESSAGE>
        </KEYEVENT>
      </SFA>
      <SFA>
        <FILEPATH>F:\работа\C\kursovaya\kursovaya\</FILEPATH>
        <FILENAME>kursovaya.c</FILENAME>
        <LINE>85</LINE>
        <COLUMN>20</COLUMN>
      </SFA>
      <SFA>
        <FILEPATH>F:\работа\C\kursovaya\kursovaya\</FILEPATH>
        <FILENAME>kursovaya.c</FILENAME>
        <LINE>87</LINE>
        <COLUMN>27</COLUMN>
        <KEYEVENT>
          <ID>8</ID>
          <KIND>branch</KIND>
          <IMPORTANCE>Full</IMPORTANCE>
          <MESSAGE>Пропустить этот цикл (предполагается, что "digitOfTheNumber&gt;0" равно false)</MESSAGE>
        </KEYEVENT>
      </SFA>
      <SFA>
        <FILEPATH>F:\работа\C\kursovaya\kursovaya\</FILEPATH>
        <FILENAME>kursovaya.c</FILENAME>
        <LINE>128</LINE>
        <COLUMN>42</COLUMN>
        <KEYEVENT>
          <ID>9</ID>
          <KIND>branch</KIND>
          <IMPORTANCE>Full</IMPORTANCE>
          <MESSAGE>Пропустить эту ветвь (предполагается, что "&lt;условие ветви&gt;" равно false)</MESSAGE>
        </KEYEVENT>
      </SFA>
      <SFA>
        <FILEPATH>F:\работа\C\kursovaya\kursovaya\</FILEPATH>
        <FILENAME>kursovaya.c</FILENAME>
        <LINE>131</LINE>
        <COLUMN>4</COLUMN>
      </SFA>
      <SFA>
        <FILEPATH>F:\работа\C\kursovaya\kursovaya\</FILEPATH>
        <FILENAME>kursovaya.c</FILENAME>
        <LINE>133</LINE>
        <COLUMN>3</COLUMN>
      </SFA>
      <SFA>
        <FILEPATH>F:\работа\C\kursovaya\kursovaya\</FILEPATH>
        <FILENAME>kursovaya.c</FILENAME>
        <LINE>135</LINE>
        <COLUMN>3</COLUMN>
      </SFA>
      <SFA>
        <FILEPATH>F:\работа\C\kursovaya\kursovaya\</FILEPATH>
        <FILENAME>kursovaya.c</FILENAME>
        <LINE>137</LINE>
        <COLUMN>3</COLUMN>
      </SFA>
      <SFA>
        <FILEPATH>F:\работа\C\kursovaya\kursovaya\</FILEPATH>
        <FILENAME>kursovaya.c</FILENAME>
        <LINE>138</LINE>
        <COLUMN>3</COLUMN>
      </SFA>
      <SFA>
        <FILEPATH>F:\работа\C\kursovaya\kursovaya\</FILEPATH>
        <FILENAME>kursovaya.c</FILENAME>
        <LINE>64</LINE>
        <COLUMN>8</COLUMN>
        <KEYEVENT>
          <ID>10</ID>
          <KIND>branch</KIND>
          <IMPORTANCE>Full</IMPORTANCE>
          <MESSAGE>Продолжить этот цикл (предполагается "1")</MESSAGE>
        </KEYEVENT>
      </SFA>
      <SFA>
        <FILEPATH>F:\работа\C\kursovaya\kursovaya\</FILEPATH>
        <FILENAME>kursovaya.c</FILENAME>
        <LINE>66</LINE>
        <COLUMN>2</COLUMN>
      </SFA>
      <SFA>
        <FILEPATH>F:\работа\C\kursovaya\kursovaya\</FILEPATH>
        <FILENAME>kursovaya.c</FILENAME>
        <LINE>67</LINE>
        <COLUMN>21</COLUMN>
        <KEYEVENT>
          <ID>11</ID>
          <KIND>branch</KIND>
          <IMPORTANCE>Full</IMPORTANCE>
          <MESSAGE>Пропустить этот цикл (предполагается, что "((getchar()))!=10" равно false)</MESSAGE>
        </KEYEVENT>
      </SFA>
      <SFA>
        <FILEPATH>F:\работа\C\kursovaya\kursovaya\</FILEPATH>
        <FILENAME>kursovaya.c</FILENAME>
        <LINE>69</LINE>
        <COLUMN>2</COLUMN>
      </SFA>
      <SFA>
        <FILEPATH>F:\работа\C\kursovaya\kursovaya\</FILEPATH>
        <FILENAME>kursovaya.c</FILENAME>
        <LINE>71</LINE>
        <COLUMN>10</COLUMN>
        <KEYEVENT>
          <ID>12</ID>
          <KIND>branch</KIND>
          <IMPORTANCE>Full</IMPORTANCE>
          <MESSAGE>Предполагается, что параметр ("next") разрешается в case 1: </MESSAGE>
        </KEYEVENT>
      </SFA>
      <SFA>
        <FILEPATH>F:\работа\C\kursovaya\kursovaya\</FILEPATH>
        <FILENAME>kursovaya.c</FILENAME>
        <LINE>73</LINE>
        <COLUMN>2</COLUMN>
      </SFA>
      <SFA>
        <FILEPATH>F:\работа\C\kursovaya\kursovaya\</FILEPATH>
        <FILENAME>kursovaya.c</FILENAME>
        <LINE>74</LINE>
        <COLUMN>3</COLUMN>
      </SFA>
      <SFA>
        <FILEPATH>F:\работа\C\kursovaya\kursovaya\</FILEPATH>
        <FILENAME>kursovaya.c</FILENAME>
        <LINE>75</LINE>
        <COLUMN>3</COLUMN>
      </SFA>
      <SFA>
        <FILEPATH>F:\работа\C\kursovaya\kursovaya\</FILEPATH>
        <FILENAME>kursovaya.c</FILENAME>
        <LINE>77</LINE>
        <COLUMN>18</COLUMN>
        <KEYEVENT>
          <ID>13</ID>
          <KIND>usage</KIND>
          <IMPORTANCE>Full</IMPORTANCE>
          <MESSAGE>"inputNumber" является входными данными для "strlen" (объявлено в c:\program files (x86)\windows kits\10\include\10.0.22621.0\ucrt\string.h:215)</MESSAGE>
        </KEYEVENT>
      </SFA>
      <SFA>
        <FILEPATH>F:\работа\C\kursovaya\kursovaya\</FILEPATH>
        <FILENAME>kursovaya.c</FILENAME>
        <LINE>78</LINE>
        <COLUMN>39</COLUMN>
        <KEYEVENT>
          <ID>14</ID>
          <KIND>branch</KIND>
          <IMPORTANCE>Full</IMPORTANCE>
          <MESSAGE>Пропустить эту ветвь (предполагается, что "&lt;условие ветви&gt;" равно false)</MESSAGE>
        </KEYEVENT>
      </SFA>
      <SFA>
        <FILEPATH>F:\работа\C\kursovaya\kursovaya\</FILEPATH>
        <FILENAME>kursovaya.c</FILENAME>
        <LINE>78</LINE>
        <COLUMN>39</COLUMN>
        <KEYEVENT>
          <ID>15</ID>
          <KIND>usage</KIND>
          <IMPORTANCE>Essential</IMPORTANCE>
          <MESSAGE>Недопустимая операция чтения из "inputNumber[-1]" (доступный для чтения диапазон: от 0 до 5)</MESSAGE>
        </KEYEVENT>
      </SFA>
    </PATH>
  </DEFECT><DEFECT>
    <SFA>
      <FILEPATH>F:\работа\C\kursovaya\kursovaya\</FILEPATH>
      <FILENAME>kursovaya.c</FILENAME>
      <LINE>79</LINE>
      <COLUMN>36</COLUMN>
    </SFA>
    <DEFECTCODE>6386</DEFECTCODE>
    <DESCRIPTION>Переполнение буфера при записи в "inputNumber".</DESCRIPTION>
    <FUNCTION>main</FUNCTION>
    <DECORATED>main</DECORATED>
    <FUNCLINE>41</FUNCLINE>
    <PROBABILITY>1</PROBABILITY>
    <RANK>4</RANK>
    <CATEGORY>
      <RULECATEGORY>mspft</RULECATEGORY>
    </CATEGORY>
    <PATH>
      <SFA>
        <FILEPATH>F:\работа\C\kursovaya\kursovaya\</FILEPATH>
        <FILENAME>kursovaya.c</FILENAME>
        <LINE>43</LINE>
        <COLUMN>1</COLUMN>
      </SFA>
      <SFA>
        <FILEPATH>F:\работа\C\kursovaya\kursovaya\</FILEPATH>
        <FILENAME>kursovaya.c</FILENAME>
        <LINE>44</LINE>
        <COLUMN>1</COLUMN>
      </SFA>
      <SFA>
        <FILEPATH>F:\работа\C\kursovaya\kursovaya\</FILEPATH>
        <FILENAME>kursovaya.c</FILENAME>
        <LINE>46</LINE>
        <COLUMN>1</COLUMN>
      </SFA>
      <SFA>
        <FILEPATH>F:\работа\C\kursovaya\kursovaya\</FILEPATH>
        <FILENAME>kursovaya.c</FILENAME>
        <LINE>47</LINE>
        <COLUMN>8</COLUMN>
      </SFA>
      <SFA>
        <FILEPATH>F:\работа\C\kursovaya\kursovaya\</FILEPATH>
        <FILENAME>kursovaya.c</FILENAME>
        <LINE>48</LINE>
        <COLUMN>16</COLUMN>
      </SFA>
      <SFA>
        <FILEPATH>F:\работа\C\kursovaya\kursovaya\</FILEPATH>
        <FILENAME>kursovaya.c</FILENAME>
        <LINE>49</LINE>
        <COLUMN>14</COLUMN>
      </SFA>
      <SFA>
        <FILEPATH>F:\работа\C\kursovaya\kursovaya\</FILEPATH>
        <FILENAME>kursovaya.c</FILENAME>
        <LINE>50</LINE>
        <COLUMN>20</COLUMN>
      </SFA>
      <SFA>
        <FILEPATH>F:\работа\C\kursovaya\kursovaya\</FILEPATH>
        <FILENAME>kursovaya.c</FILENAME>
        <LINE>51</LINE>
        <COLUMN>33</COLUMN>
      </SFA>
      <SFA>
        <FILEPATH>F:\работа\C\kursovaya\kursovaya\</FILEPATH>
        <FILENAME>kursovaya.c</FILENAME>
        <LINE>52</LINE>
        <COLUMN>14</COLUMN>
      </SFA>
      <SFA>
        <FILEPATH>F:\работа\C\kursovaya\kursovaya\</FILEPATH>
        <FILENAME>kursovaya.c</FILENAME>
        <LINE>53</LINE>
        <COLUMN>6</COLUMN>
        <KEYEVENT>
          <ID>1</ID>
          <KIND>declaration</KIND>
          <IMPORTANCE>Essential</IMPORTANCE>
          <MESSAGE>"inputNumber" является массивом из 6 элементов (6 байт)</MESSAGE>
        </KEYEVENT>
      </SFA>
      <SFA>
        <FILEPATH>F:\работа\C\kursovaya\kursovaya\</FILEPATH>
        <FILENAME>kursovaya.c</FILENAME>
        <LINE>54</LINE>
        <COLUMN>6</COLUMN>
      </SFA>
      <SFA>
        <FILEPATH>F:\работа\C\kursovaya\kursovaya\</FILEPATH>
        <FILENAME>kursovaya.c</FILENAME>
        <LINE>55</LINE>
        <COLUMN>6</COLUMN>
      </SFA>
      <SFA>
        <FILEPATH>F:\работа\C\kursovaya\kursovaya\</FILEPATH>
        <FILENAME>kursovaya.c</FILENAME>
        <LINE>56</LINE>
        <COLUMN>6</COLUMN>
      </SFA>
      <SFA>
        <FILEPATH>F:\работа\C\kursovaya\kursovaya\</FILEPATH>
        <FILENAME>kursovaya.c</FILENAME>
        <LINE>57</LINE>
        <COLUMN>5</COLUMN>
      </SFA>
      <SFA>
        <FILEPATH>F:\работа\C\kursovaya\kursovaya\</FILEPATH>
        <FILENAME>kursovaya.c</FILENAME>
        <LINE>58</LINE>
        <COLUMN>5</COLUMN>
      </SFA>
      <SFA>
        <FILEPATH>F:\работа\C\kursovaya\kursovaya\</FILEPATH>
        <FILENAME>kursovaya.c</FILENAME>
        <LINE>59</LINE>
        <COLUMN>5</COLUMN>
      </SFA>
      <SFA>
        <FILEPATH>F:\работа\C\kursovaya\kursovaya\</FILEPATH>
        <FILENAME>kursovaya.c</FILENAME>
        <LINE>60</LINE>
        <COLUMN>5</COLUMN>
      </SFA>
      <SFA>
        <FILEPATH>F:\работа\C\kursovaya\kursovaya\</FILEPATH>
        <FILENAME>kursovaya.c</FILENAME>
        <LINE>62</LINE>
        <COLUMN>23</COLUMN>
      </SFA>
      <SFA>
        <FILEPATH>F:\работа\C\kursovaya\kursovaya\</FILEPATH>
        <FILENAME>kursovaya.c</FILENAME>
        <LINE>64</LINE>
        <COLUMN>8</COLUMN>
        <KEYEVENT>
          <ID>2</ID>
          <KIND>branch</KIND>
          <IMPORTANCE>Full</IMPORTANCE>
          <MESSAGE>Войти в этот цикл (предполагается "1")</MESSAGE>
        </KEYEVENT>
      </SFA>
      <SFA>
        <FILEPATH>F:\работа\C\kursovaya\kursovaya\</FILEPATH>
        <FILENAME>kursovaya.c</FILENAME>
        <LINE>66</LINE>
        <COLUMN>2</COLUMN>
      </SFA>
      <SFA>
        <FILEPATH>F:\работа\C\kursovaya\kursovaya\</FILEPATH>
        <FILENAME>kursovaya.c</FILENAME>
        <LINE>67</LINE>
        <COLUMN>21</COLUMN>
        <KEYEVENT>
          <ID>3</ID>
          <KIND>branch</KIND>
          <IMPORTANCE>Full</IMPORTANCE>
          <MESSAGE>Пропустить этот цикл (предполагается, что "((getchar()))!=10" равно false)</MESSAGE>
        </KEYEVENT>
      </SFA>
      <SFA>
        <FILEPATH>F:\работа\C\kursovaya\kursovaya\</FILEPATH>
        <FILENAME>kursovaya.c</FILENAME>
        <LINE>69</LINE>
        <COLUMN>2</COLUMN>
      </SFA>
      <SFA>
        <FILEPATH>F:\работа\C\kursovaya\kursovaya\</FILEPATH>
        <FILENAME>kursovaya.c</FILENAME>
        <LINE>71</LINE>
        <COLUMN>10</COLUMN>
        <KEYEVENT>
          <ID>4</ID>
          <KIND>branch</KIND>
          <IMPORTANCE>Full</IMPORTANCE>
          <MESSAGE>Предполагается, что параметр ("next") разрешается в case 1: </MESSAGE>
        </KEYEVENT>
      </SFA>
      <SFA>
        <FILEPATH>F:\работа\C\kursovaya\kursovaya\</FILEPATH>
        <FILENAME>kursovaya.c</FILENAME>
        <LINE>73</LINE>
        <COLUMN>2</COLUMN>
      </SFA>
      <SFA>
        <FILEPATH>F:\работа\C\kursovaya\kursovaya\</FILEPATH>
        <FILENAME>kursovaya.c</FILENAME>
        <LINE>74</LINE>
        <COLUMN>3</COLUMN>
      </SFA>
      <SFA>
        <FILEPATH>F:\работа\C\kursovaya\kursovaya\</FILEPATH>
        <FILENAME>kursovaya.c</FILENAME>
        <LINE>75</LINE>
        <COLUMN>3</COLUMN>
      </SFA>
      <SFA>
        <FILEPATH>F:\работа\C\kursovaya\kursovaya\</FILEPATH>
        <FILENAME>kursovaya.c</FILENAME>
        <LINE>77</LINE>
        <COLUMN>18</COLUMN>
        <KEYEVENT>
          <ID>5</ID>
          <KIND>usage</KIND>
          <IMPORTANCE>Full</IMPORTANCE>
          <MESSAGE>"inputNumber" является входными данными для "strlen" (объявлено в c:\program files (x86)\windows kits\10\include\10.0.22621.0\ucrt\string.h:215)</MESSAGE>
        </KEYEVENT>
      </SFA>
      <SFA>
        <FILEPATH>F:\работа\C\kursovaya\kursovaya\</FILEPATH>
        <FILENAME>kursovaya.c</FILENAME>
        <LINE>78</LINE>
        <COLUMN>39</COLUMN>
        <KEYEVENT>
          <ID>6</ID>
          <KIND>branch</KIND>
          <IMPORTANCE>Full</IMPORTANCE>
          <MESSAGE>Пропустить эту ветвь (предполагается, что "&lt;условие ветви&gt;" равно false)</MESSAGE>
        </KEYEVENT>
      </SFA>
      <SFA>
        <FILEPATH>F:\работа\C\kursovaya\kursovaya\</FILEPATH>
        <FILENAME>kursovaya.c</FILENAME>
        <LINE>81</LINE>
        <COLUMN>12</COLUMN>
      </SFA>
      <SFA>
        <FILEPATH>F:\работа\C\kursovaya\kursovaya\</FILEPATH>
        <FILENAME>kursovaya.c</FILENAME>
        <LINE>81</LINE>
        <COLUMN>21</COLUMN>
        <KEYEVENT>
          <ID>7</ID>
          <KIND>branch</KIND>
          <IMPORTANCE>Full</IMPORTANCE>
          <MESSAGE>Пропустить этот цикл (предполагается, что "i&lt;endInputNunber" равно false)</MESSAGE>
        </KEYEVENT>
      </SFA>
      <SFA>
        <FILEPATH>F:\работа\C\kursovaya\kursovaya\</FILEPATH>
        <FILENAME>kursovaya.c</FILENAME>
        <LINE>85</LINE>
        <COLUMN>20</COLUMN>
      </SFA>
      <SFA>
        <FILEPATH>F:\работа\C\kursovaya\kursovaya\</FILEPATH>
        <FILENAME>kursovaya.c</FILENAME>
        <LINE>87</LINE>
        <COLUMN>27</COLUMN>
        <KEYEVENT>
          <ID>8</ID>
          <KIND>branch</KIND>
          <IMPORTANCE>Full</IMPORTANCE>
          <MESSAGE>Пропустить этот цикл (предполагается, что "digitOfTheNumber&gt;0" равно false)</MESSAGE>
        </KEYEVENT>
      </SFA>
      <SFA>
        <FILEPATH>F:\работа\C\kursovaya\kursovaya\</FILEPATH>
        <FILENAME>kursovaya.c</FILENAME>
        <LINE>128</LINE>
        <COLUMN>42</COLUMN>
        <KEYEVENT>
          <ID>9</ID>
          <KIND>branch</KIND>
          <IMPORTANCE>Full</IMPORTANCE>
          <MESSAGE>Пропустить эту ветвь (предполагается, что "&lt;условие ветви&gt;" равно false)</MESSAGE>
        </KEYEVENT>
      </SFA>
      <SFA>
        <FILEPATH>F:\работа\C\kursovaya\kursovaya\</FILEPATH>
        <FILENAME>kursovaya.c</FILENAME>
        <LINE>131</LINE>
        <COLUMN>4</COLUMN>
      </SFA>
      <SFA>
        <FILEPATH>F:\работа\C\kursovaya\kursovaya\</FILEPATH>
        <FILENAME>kursovaya.c</FILENAME>
        <LINE>133</LINE>
        <COLUMN>3</COLUMN>
      </SFA>
      <SFA>
        <FILEPATH>F:\работа\C\kursovaya\kursovaya\</FILEPATH>
        <FILENAME>kursovaya.c</FILENAME>
        <LINE>135</LINE>
        <COLUMN>3</COLUMN>
      </SFA>
      <SFA>
        <FILEPATH>F:\работа\C\kursovaya\kursovaya\</FILEPATH>
        <FILENAME>kursovaya.c</FILENAME>
        <LINE>137</LINE>
        <COLUMN>3</COLUMN>
      </SFA>
      <SFA>
        <FILEPATH>F:\работа\C\kursovaya\kursovaya\</FILEPATH>
        <FILENAME>kursovaya.c</FILENAME>
        <LINE>138</LINE>
        <COLUMN>3</COLUMN>
      </SFA>
      <SFA>
        <FILEPATH>F:\работа\C\kursovaya\kursovaya\</FILEPATH>
        <FILENAME>kursovaya.c</FILENAME>
        <LINE>64</LINE>
        <COLUMN>8</COLUMN>
        <KEYEVENT>
          <ID>10</ID>
          <KIND>branch</KIND>
          <IMPORTANCE>Full</IMPORTANCE>
          <MESSAGE>Продолжить этот цикл (предполагается "1")</MESSAGE>
        </KEYEVENT>
      </SFA>
      <SFA>
        <FILEPATH>F:\работа\C\kursovaya\kursovaya\</FILEPATH>
        <FILENAME>kursovaya.c</FILENAME>
        <LINE>66</LINE>
        <COLUMN>2</COLUMN>
      </SFA>
      <SFA>
        <FILEPATH>F:\работа\C\kursovaya\kursovaya\</FILEPATH>
        <FILENAME>kursovaya.c</FILENAME>
        <LINE>67</LINE>
        <COLUMN>21</COLUMN>
        <KEYEVENT>
          <ID>11</ID>
          <KIND>branch</KIND>
          <IMPORTANCE>Full</IMPORTANCE>
          <MESSAGE>Пропустить этот цикл (предполагается, что "((getchar()))!=10" равно false)</MESSAGE>
        </KEYEVENT>
      </SFA>
      <SFA>
        <FILEPATH>F:\работа\C\kursovaya\kursovaya\</FILEPATH>
        <FILENAME>kursovaya.c</FILENAME>
        <LINE>69</LINE>
        <COLUMN>2</COLUMN>
      </SFA>
      <SFA>
        <FILEPATH>F:\работа\C\kursovaya\kursovaya\</FILEPATH>
        <FILENAME>kursovaya.c</FILENAME>
        <LINE>71</LINE>
        <COLUMN>10</COLUMN>
        <KEYEVENT>
          <ID>12</ID>
          <KIND>branch</KIND>
          <IMPORTANCE>Full</IMPORTANCE>
          <MESSAGE>Предполагается, что параметр ("next") разрешается в case 1: </MESSAGE>
        </KEYEVENT>
      </SFA>
      <SFA>
        <FILEPATH>F:\работа\C\kursovaya\kursovaya\</FILEPATH>
        <FILENAME>kursovaya.c</FILENAME>
        <LINE>73</LINE>
        <COLUMN>2</COLUMN>
      </SFA>
      <SFA>
        <FILEPATH>F:\работа\C\kursovaya\kursovaya\</FILEPATH>
        <FILENAME>kursovaya.c</FILENAME>
        <LINE>74</LINE>
        <COLUMN>3</COLUMN>
      </SFA>
      <SFA>
        <FILEPATH>F:\работа\C\kursovaya\kursovaya\</FILEPATH>
        <FILENAME>kursovaya.c</FILENAME>
        <LINE>75</LINE>
        <COLUMN>3</COLUMN>
      </SFA>
      <SFA>
        <FILEPATH>F:\работа\C\kursovaya\kursovaya\</FILEPATH>
        <FILENAME>kursovaya.c</FILENAME>
        <LINE>77</LINE>
        <COLUMN>18</COLUMN>
        <KEYEVENT>
          <ID>13</ID>
          <KIND>usage</KIND>
          <IMPORTANCE>Full</IMPORTANCE>
          <MESSAGE>"inputNumber" является входными данными для "strlen" (объявлено в c:\program files (x86)\windows kits\10\include\10.0.22621.0\ucrt\string.h:215)</MESSAGE>
        </KEYEVENT>
      </SFA>
      <SFA>
        <FILEPATH>F:\работа\C\kursovaya\kursovaya\</FILEPATH>
        <FILENAME>kursovaya.c</FILENAME>
        <LINE>78</LINE>
        <COLUMN>39</COLUMN>
        <KEYEVENT>
          <ID>14</ID>
          <KIND>branch</KIND>
          <IMPORTANCE>Full</IMPORTANCE>
          <MESSAGE>Войти в эту ветвь (предполагается "&lt;условие ветви&gt;")</MESSAGE>
        </KEYEVENT>
      </SFA>
      <SFA>
        <FILEPATH>F:\работа\C\kursovaya\kursovaya\</FILEPATH>
        <FILENAME>kursovaya.c</FILENAME>
        <LINE>79</LINE>
        <COLUMN>36</COLUMN>
        <KEYEVENT>
          <ID>15</ID>
          <KIND>usage</KIND>
          <IMPORTANCE>Essential</IMPORTANCE>
          <MESSAGE>Недопустимая операция записи в "inputNumber[-1]" (доступный для записи диапазон: от 0 до 5)</MESSAGE>
        </KEYEVENT>
      </SFA>
    </PATH>
  </DEFECT></DEFECTS>